{
  "eye": {
    "orientation": [
      -0.3509172797203064,
      0.18767064809799194,
      -0.2976110875606537,
      -0.8677928447723389
    ],
    "magnitude": 0.5773502588272095,
    "position": [
      -35.02001190185547,
      -216.3234405517578,
      204.88369750976562
    ]
  },
  "radius": 150,
  "type": "PERSPECTIVE"
}